Xiaohui Bei,Shengyu Zhang
Pin-Yu Chen,Yash Sharma,Huan Zhang,Jinfeng Yi,Cho-Jui Hsieh
Jonathan Chung,Moshe Eizenman,Uros Rakita,Roger McIntyre,Peter Giacobbe
Bolin Ding,Harsha Nori,Paul Li,Joshua Allen
Hao-Wen Dong,Wen-Yi Hsiao,Li-Chia Yang,Yi-Hsuan Yang
Ahmed Elgammal,Yan Kang,Milko Den Leeuw
Nina Grgić-Hlača,Muhammad Bilal Zafar,Krishna P. Gummadi,Adrian Weller
Weixiang Hong,Jingjing Meng,Junsong Yuan
Weixiang Hong,Jingjing Meng,Junsong Yuan
Xin Jin,Le Wu,Xiaodong Li,Siyu Chen,Siwei Peng,Jingying Chi,Shiming Ge,Chenggen Song,Geng Zhao
Daniel Kasenberg,Matthias Scheutz
Zhuo Li,Hongwei Wang,Miao Zhao,Wenjie Li,Minyi Guo
Bin Liu,Ying Li,Zhaonan Sun,Soumya Ghosh,Kenney Ng
Luchen Liu,Jianhao Shen,Ming Zhang,Zichang Wang,Jian Tang
Ye Liu,Lifang He,Bokai Cao,Philip S. Yu,Ann B. Ragin,Alex D. Leow
Jian Lou,Yiu-ming Cheung
Maggie Makar,John Guttag,Jenna Wiens
Taiki Miyanishi,Jun-ichiro Hirayama,Takuya Maekawa,Motoaki Kawanabe
Chih-Ya Shen,C. P. Kankeu Fotsing,De-Nian Yang,Yi-Shin Chen,Wang-Chien Lee
Shirin Sohrabi,Anton V. Riabov,Michael Katz,Octavian Udrea
Youyi Song,Jing Qin,Baiying Lei,Kup-Sze Choi
Shaojie Tang
Shantanu Thakoor,Simoni Shah,Ganesh Ramakrishnan,Amitabha Sanyal
Jingyuan Wang,Xu He,Ze Wang,Junjie Wu,Nicholas Jing Yuan,Xing Xie,Zhang Xiong
Leye Wang,Gehua Qin,Dingqi Yang,Xiao Han,Xiaojuan Ma
Xinrun Wang,Bo An,Martin Strobel,Fookwai Kong
Huawei Wei,Bingbing Ni,Yichao Yan,Huanyu Yu,Xiaokang Yang,Chen Yao
Ziwei Zhang,Peng Cui,Jian Pei,Xiao Wang,Wenwu Zhu
Huan Zhao,Xiaogang Xu,Yangqiu Song,Dik Lun Lee,Zhao Chen,Han Gao
Rediet Abebe,Lada A. Adamic,Jon Kleinberg
Xuezhi Cao,Haokun Chen,Xuejian Wang,Weinan Zhang,Yong Yu
Chaochao Chen,Ziqi Liu,Peilin Zhao,Jun Zhou,Xiaolong Li
Qin Chen,Qinmin Hu,Jimmy Xiangji Huang,Liang He
Zhen-Duo Chen,Wan-Jin Yu,Chuan-Xiang Li,Liqiang Nie,Xin-Shun Xu
Rui Feng,Yang Yang,Wenjie Hu,Fei Wu,Yueting Zhang
Guibing Guo,Songlin Zhai,Fajie Yuan,Yuan Liu,Xingwei Wang
Jun Guo,Wenwu Zhu
Dongxiao He,Xinxin You,Zhiyong Feng,Di Jin,Xue Yang,Weixiong Zhang
Di Jin,Xiaobao Wang,Ruifang He,Dongxiao He,Jianwu Dang,Weixiong Zhang
Tomasz Kuśmierczyk,Kjetil Nørvåg
Xiaoming Li,Hui Fang,Jie Zhang
Ye Li,Chaofeng Sha,Xin Huang,Yanchun Zhang
Chun-Yi Liu,Chuan Zhou,Jia Wu,Yue Hu,Li Guo
Yang Liu,Yi-Fang Brook Wu
Xusheng Luo,Kangqi Luo,Xianyang Chen,Kenny Q. Zhu
Jianxin Ma,Peng Cui,Wenwu Zhu
Brian McMahan,Delip Rao
Wei Niu,James Caverlee,Haokai Lu
Jingkuan Song,Tao He,Lianli Gao,Xing Xu,Alan Hanjalic,Heng Tao Shen
Jingkuan Song,Tao He,Lianli Gao,Xing Xu,Heng Tao Shen
Kai Song,Yue Zhang,Min Zhang,Weihua Luo
Bing-Jie Sun,Huawei Shen,Jinhua Gao,Wentao Ouyang,Xueqi Cheng
Ke Tu,Peng Cui,Xiao Wang,Fei Wang,Wenwu Zhu
Chao Wang,Qi Liu,Runze Wu,Enhong Chen,Chuanren Liu,Xunpeng Huang,Zhenya Huang
Daixin Wang,Peng Cui,Wenwu Zhu
Jingang Wang,Junfeng Tian,Long Qiu,Sheng Li,Jun Lang,Luo Si,Man Lan
Keqiang Wang,Yuanyuan Jin,Haofen Wang,Hongwei Peng,Xiaoling Wang
Yu Wang,Jixing Xu,Aohan Wu,Mantian Li,Yang He,Jinghe Hu,Weipeng P. Yan
Zheng Wang,Xiaojun Ye,Chaokun Wang,Yuexin Wu,Changping Wang,Kaiwen Liang
Shaobin Xu,David A. Smith
Jufeng Yang,Dongyu She,Yu-Kun Lai,Ming-Hsuan Yang
Liang Yang,Yuanfang Guo,Xiaochun Cao
Yang Yang,Chenhao Tan,Zongtao Liu,Fei Wu,Yueting Zhuang
Zhiyong Yang,Qianqian Xu,Xiaochun Cao,Qingming Huang
Yazhou Yao,Jian Zhang,Fumin Shen,Wankou Yang,Pu Huang,Zhenmin Tang
Chao Zhang,Mengxiong Liu,Zhengchao Liu,Carl Yang,Luming Zhang,Jiawei Han
Jian Zhang,Yuxin Peng,Mingkuan Yuan
Wei-Nan Zhang,Lingzhi Li,Dongyan Cao,Ting Liu
Zhirui Zhang,Shujie Liu,Mu Li,Ming Zhou,Enhong Chen
Shenjian Zhao,Zhihua Zhang
Lekui Zhou,Yang Yang,Xiang Ren,Fei Wu,Yueting Zhuang
Suping Zhou,Jia Jia,Qi Wang,Yufei Dong,Yufeng Yin,Kehua Lei
Alireza Alemi,Christian K. Machens,Sophie Deneve,Jean-Jacques Slotine
S. Hamidreza Kasaei,Juil Sock,Luis Seabra Lopes,Ana Maria Tome,Tae-Kyun Kim
Weikang Li,Wei Li,Yunfang Wu
Joshua H. Palmer,Maithilee Kunda
Tielin Zhang,Yi Zeng,Dongcheng Zhao,Mengting Shi
Somak Aditya,Yezhou Yang,Chitta Baral
Kezhen Chen,Kenneth Forbus
Konstantina Christakopoulou,Adam Tauman Kalai
Maxwell Crouse,Clifton McFate,Kenneth Forbus
Zhenxin Fu,Xiaoye Tan,Nanyun Peng,Dongyan Zhao,Rui Yan
Xiaolong Gong,Hao Xu,Linpeng Huang
Christopher W. Lynn,Daniel D. Lee
Wenjun Ma,Yuncheng Jiang,Weiru Liu,Xudong Luo,Kevin McAreavey
Amrita Saha,Mitesh M. Khapra,Karthik Sankaranarayanan
Amrita Saha,Vardaan Pahuja,Mitesh M. Khapra,Karthik Sankaranarayanan,Sarath Chandar
Snejana Shegheva,Ashok Goel
Chongyang Tao,Lili Mou,Dongyan Zhao,Rui Yan
Hao Zhou,Minlie Huang,Tianyang Zhang,Xiaoyan Zhu,Bing Liu
Nipun Batra,Yiling Jia,Hongning Wang,Kamin Whitehouse
Johan Bjorck,Yiwei Bai,Xiaojian Wu,Yexiang Xue,Mark Whitmore,Carla Gomes
Haipeng Chen,Bo An,Guni Sharon,Josiah P. Hanna,Peter Stone,Chunyan Miao,Yeng Chai Soh
Sandeep Chinchali,Pan Hu,Tianshu Chu,Manu Sharma,Manu Bansal,Rakesh Misra,Marco Pavone,Sachin Katti
Supriyo Ghosh,Pradeep Varakantham
Renhe Jiang,Xuan Song,Zipei Fan,Tianqi Xia,Quanjun Chen,Satoshi Miyazawa,Ryosuke Shibasaki
Henning Lange,Mario Berges
Hongbin Pei,Bo Yang,Jiming Liu,Lei Dong
Eugene Seo,Rebecca A. Hutchinson
Zhourui Song,Zhenyu Liu,Dongsheng Wang
Luming Tang,Yexiang Xue,Di Chen,Carla P. Gomes
Wanyuan Wang,Bo An,Yichuan Jiang
Bryan Wilder,Sze-Chuan Suen,Milind Tambe
Xiaojian Wu,Jonathan Gomes-Selman,Qinru Shi,Yexiang Xue,Roosevelt Garcia-Villacorta,Elizabeth Anderson,Suresh Sethi,Scott Steinschneider,Alexander Flecker,Carla Gomes
Serge Gaspers,Stefan Rümmele,Abdallah Saffidine,Kevin Tran
Lara J. Martin,Prithviraj Ammanabrolu,Xinyu Wang,William Hancock,Shruti Singh,Brent Harrison,Mark O. Riedl
Rubens O. Moraes,Levi H. S. Lelis
Nicholas Sohre,Moses Adeagbo,Nathaniel Helwig,Sofia Lyford-Pike,Stephen J. Guy
Ben Abramowitz,Elliot Anshelevich
Haris Aziz,Edith Elkind,Shenwei Huang,Martin Lackner,Luis Sanchez-Fernandez,Piotr Skowron
Haris Aziz,Pang Luo,Christine Rizkallah
Siddharth Barman,Arpita Biswas,Sanath Kumar Krishnamurthy,Yadati Narahari
Umang Bhaskar,Varsha Dani,Abheek Ghosh
Robert Bredereck,Piotr Faliszewski,Ayumi Igarashi,Martin Lackner,Piotr Skowron
Gianluca Brero,Sébastien Lahaie
Neil Burch,Martin Schmid,Matej Moravcik,Dustin Morill,Michael Bowling
Qingpeng Cai,Aris Filos-Ratsikas,Pingzhong Tang,Yiwei Zhang
Andrea Celli,Nicola Gatti
Yu Cheng,Shaddin Dughmi,David Kempe
Yuan Deng,Vincent Conitzer
Giuseppe De Nittis,Alberto Marchesi,Nicola Gatti
Swapnil Dhamal,Walid Ben-Ameur,Tijani Chahed,Eitan Altman
John P. Dickerson,Karthik A. Sankararaman,Aravind Srinivasan,Pan Xu
Janosch Döcker,Britta Dorn,Ulle Endriss,Ronald de Haan,Sebastian Schneckenburger
Piotr Faliszewski,Martin Lackner,Dominik Peters,Nimrod Talmon
Michele Flammini,Manuel Mauro,Matteo Tonelli
Chi Kit Ken Fong,Minming Li,Pinyan Lu,Taiki Todo,Makoto Yokoo
Umberto Grandi,James Stewart,Paolo Turrini
Nika Haghtalab,Ritesh Noothigattu,Ariel D. Procaccia
Ayumi Igarashi,Rani Izsak,Edith Elkind
Rani Izsak,Nimrod Talmon,Gerhard J. Woeginger
Florian Jaeckle,Dominik Peters,Edith Elkind
Anson Kahng,Yasmine Kotturi,Chinmay Kulkarni,David Kurokawa,Ariel D. Procaccia
Anson Kahng,Simon Mackenzie,Ariel D. Procaccia
Nitin Kamra,Umang Gupta,Fei Fang,Yan Liu,Milind Tambe
Yasushi Kawase,Atsushi Iwasaki
Orgad Keller,Avinatan Hassidim,Noam Hazon
Christian Kroer,Gabriele Farina,Tuomas Sandholm
Jing Wu Lian,Nicholas Mattei,Renee Noble,Toby Walsh
Yang Liu,Chien-Ju Ho
Zhengyang Liu,Ying Sheng
Duncan C. McElfresh,John P. Dickerson
Dominik Peters
Ariel D. Procaccia,Rodrigo A. Velez,Dingli Yu
Ariel D. Procaccia,David Wajc,Hanrui Zhang
Erel Segal-Halevi,Avinatan Hassidim,Yonatan Aumann
Guni Sharon,Michael Albert,Tarun Rambha,Stephen Boyles,Peter Stone
Weiran Shen,Pingzhong Tang,Yuan Deng
Oskar Skibski,Jadwiga Sosnowska
Omer Tamuz,Shai Vardi,Juba Ziani
Zoi Terzopoulou,Ulle Endriss
Nicolas Troquard
Dmitry Ulyanov,Andrea Vedaldi,Victor Lempitsky
Tomasz Wąs,Oskar Skibski
Bryce Wiedenbeck,Fengjun Yang,Michael P. Wellman
Bryan Wilder
Jens Witkowski,Rupert Freeman,Jennifer Wortman Vaughan,David M. Pennock,Andreas Krause
Haifeng Xu,Kai Wang,Phebe Vayanos,Milind Tambe
Jie Zhang
Bence Cserna,William J. Doyle,Jordan S. Ramsdell,Wheeler Ruml
Hiroyuki Hanada,Atsushi Shibagaki,Jun Sakuma,Ichiro Takeuchi
David Hemmi,Guido Tack,Mark Wallace
Xiangjie Hu,Yanfeng Sun,Junbin Gao,Yongli Hu,Baocai Yin
Hua Jiang,Chu-Min Li,Yanli Liu,Felip Manyà
Shunji Lin,Alex Fukunaga
Marius Lindauer,Frank Hutter
Andrei Lissovoi,Pietro S. Oliveto
Risheng Liu,Xin Fan,Shichao Cheng,Xiangyu Wang,Zhongxuan Luo
Baharan Mirzasoleiman,Stefanie Jegelka,Andreas Krause
Atsushi Miyauchi,Tomohiro Sonobe,Noriyoshi Sukegawa
Chao Qian,Yibo Zhang,Xin Yao
Mohammad Raza,Sumit Gulwani
Shinsaku Sakaue,Masakazu Ishihata
Shinsaku Sakaue,Masaaki Nishino,Norihito Yasuda
Topi Talvitie,Kustaa Kangas,Teppo Niinimäki,Mikko Koivisto
Di Wang,Jinhui Xu
Hong Wang,Hong Qian,Yang Yu
Chenjun Xiao,Jincheng Mei,Martin Müller
Gagan Bansal,Daniel S. Weld
Bar Hilleli,Ran El-Yaniv
Ashish Kulkarni,Narasimha Raju Uppalapati,Pankaj Singh,Ganesh Ramakrishnan
Aaron Mininger,John E. Laird
Igor Mordatch,Pieter Abbeel
Samer B. Nashed,Joydeep Biswas
An T. Nguyen,Aditya Kharosekar,Matthew Lease,Byron Wallace
Mayada Oudah,Talal Rahwan,Tawna Crandall,Jacob W. Crandall
Marco Tulio Ribeiro,Sameer Singh,Carlos Guestrin
Avi Segal,Kobi Gal,Ece Kamar,Eric Horvitz,Grant Miller
Garrett Warnell,Nicholas Waytowich,Vernon Lawhern,Peter Stone
Kyohei Atarashi,Satoshi Oyama,Masahito Kurihara
Kamran Ghasedi Dizaji,Heng Huang
Priel Levy,David Sarne
Rui Li,Jared Curhan,Mohammed Ehsan Hoque
Ritesh Noothigattu,Snehalkumar S. Gaikwad,Edmond Awad,Sohan Dsouza,Iyad Rahwan,Pradeep Ravikumar,Ariel D. Procaccia
Goran Radanovic,Boi Faltings
Goran Radanovic,Adish Singla,Andreas Krause,Boi Faltings
Filipe Rodrigues,Francisco C. Pereira
Ryusuke Takahama,Yukino Baba,Nobuyuki Shimizu,Sumio Fujita,Hisashi Kashima
YaoSheng Yang,Meishan Zhang,Wenliang Chen,Wei Zhang,Haofen Wang,Min Zhang
Rachel Freedman,Jana Schaich Borg,Walter Sinnott-Armstrong,John P. Dickerson,Vincent Conitzer
Odd Erik Gundersen,Sigbjørn Kjensmo
Bo Luo,Yannan Liu,Lingxiao Wei,Qiang Xu
Andrew Slavin Ross,Finale Doshi-Velez
Mike Wu,Michael C. Hughes,Sonali Parbhoo,Maurizio Zazzi,Volker Roth,Finale Doshi-Velez
Xiang Wu,Lingxiao Song,Ran He,Tieniu Tan
Yueh-Hua Wu,Shou-De Lin
Zhe Wu,Bharat Singh,Larry S. Davis,V. S. Subrahmanian
Dalin Zhang,Lina Yao,Xiang Zhang,Sen Wang,Weitong Chen,Robert Boots,Boualem Benatallah
Han Zou,Yuxun Zhou,Jianfei Yang,Weixi Gu,Lihua Xie,Costas J. Spanos
Giovanni Amendola,Carmine Dodaro,Wolfgang Faber,Francesco Ricca
Labinot Bajraktari,Magdalena Ortiz,Mantas Šimkus
Pietro Baroni,Antonio Rago,Francesca Toni
Vitaliy Batusov,Mikhail Soutchanski
Dorothea Baumeister,Daniel Neugebauer,Jörg Rothe,Hilmar Schadrack
Michael Benedikt,Boris Motik,Efthymia Tsamoura
Ronen I. Brafman,Giuseppe De Giacomo,Fabio Patrizi
Gerhard Brewka,Hannes Strass,Johannes P. Wallner,Stefan Woltran
Ruichu Cai,Jie Qiao,Zhenjie Zhang,Zhifeng Hao
Erik Cambria,Soujanya Poria,Devamanyu Hazarika,Kenneth Kwok
Glauber De Bona,John Grant,Anthony Hunter,Sébastien Konieczny
Tim Dettmers,Pasquale Minervini,Pontus Stenetorp,Sebastian Riedel
Takuma Ebisu,Ryutaro Ichise
Christian Eichhorn,Gabriele Kern-Isberner,Marco Ragni
Liangda Fang,Hai Wan,Xianqiao Liu,Biqing Fang,Zhaorong Lai
Víctor Gutiérrez-Basulto,Yazmín Ibáñez-García,Jean Christoph Jung
Joseph Y. Halpern,Max Kleiman-Weiner
Nicholas Hay,Michael Stark,Alexander Schlegel,Carter Wendelken,Dennis Park,Eric Purdy,Tom Silver,D. Scott Phoenix,Dileep George
Pan Hu,Boris Motik,Ian Horrocks
Yusuf Izmirlioglu,Esra Erdem
Brendan Juba,Zongyi Li,Evan Miller
Batya Kenig,Lovro Ilijasić,Haoyue Ping,Benny Kimelfeld,Julia Stoyanovich
Daniel Khashabi,Tushar Khot,Ashish Sabharwal,Dan Roth
Emiliano Lorini
Jun Mei,Yong Jiang,Kewei Tu
Razieh Nabi,Ilya Shpitser
Alessandro Ronca,Mark Kaminski,Bernardo Cuenca Grau,Boris Motik,Ian Horrocks
Nicolas Schwind,Pierre Marquis
Baoxu Shi,Tim Weninger
Jakob Suchan,Mehul Bhatt,Przemysław Wałega,Carl Schultz
Despoina Trivela,Giorgos Stoilos,Vasilis Vassalos
Nicolas Troquard,Roberto Confalonieri,Pietro Galliani,Rafael Peñaloza,Daniele Porello,Oliver Kutz
Markus Ulbricht,Matthias Thimm,Gerhard Brewka
Bin Wang,Zhizheng Zhang,Hongxiang Xu,Jun Shen
Peifeng Wang,Shuangyin Li,Rong Pan
Zhe Wang,Kewen Wang,Xiaowang Zhang
Jinyoung Yeo,Geungyu Wang,Hyunsouk Cho,Seungtaek Choi,Seung-won Hwang
Hao Zhang,Shuigeng Zhou,Jihong Guan
Junzhe Zhang,Elias Bareinboim
Richong Zhang,Fanshuang Kong,Chenyue Wang,Yongyi Mao
Xiaowang Zhang,Jan Van den Bussche,Kewen Wang,Zhe Wang
Avinash Achar,Venkatesh Sarangan,Rohith Regikumar,Anand Sivasubramaniam
Onur Atan,James Jordon,Mihaela van der Schaar
Brandon Ballinger,Johnson Hsieh,Avesh Singh,Nimit Sohoni,Jack Wang,Geoffrey H. Tison,Gregory M. Marcus,Jose M. Sanchez,Carol Maguire,Jeffrey E. Olgin,Mark J. Pletcher
Jiang Bian,Haoyi Xiong,Yanjie Fu,Sajal K. Das
Diane Bouchacourt,Ryota Tomioka,Sebastian Nowozin
Long Chen,Yuhang He
Chengyao Chen,Zhitao Wang,Wenjie Li,Xu Sun
Ding-Jie Chen,Jui-Ting Chien,Hwann-Tzong Chen,Long-Wen Chang
Haochen Chen,Bryan Perozzi,Yifan Hu,Steven Skiena
Ko-Shin Chen,Tingyang Xu,Jinbo Bi
Weihao Cheng,Sarah Erfani,Rui Zhang,Ramamohanarao Kotagiri
Weiyu Cheng,Yanyan Shen,Yanmin Zhu,Linpeng Huang
Ching-Hua Chuan,Dorien Herremans
Quanyu Dai,Qiang Li,Jian Tang,Dan Wang
Chao Du,Chongxuan Li,Yin Zheng,Jun Zhu,Bo Zhang
Ahmed Elgammal,Bingchen Liu,Diana Kim,Mohamed Elhoseiny,Marian Mazzone
Katsuhiro Endo,Katsufumi Tomobe,Kenji Yasuoka
Alin Fan,Ling Chen,Gencai Chen
Qingxiang Feng,Yicong Zhou
Sainyam Galhotra,Arya Mazumdar,Soumyabrata Pal,Barna Saha
Zan Gao,Deyu Wang,Xiangnan He,Hua Zhang
Jun Guo,Wenwu Zhu
Yuchen Guo,Xin Zhao,Guiguang Ding,Jungong Han
Christoph Hirnschall,Adish Singla,Sebastian Tschiatschek,Andreas Krause
Jie Huang,Wengang Zhou,Qilin Zhang,Houqiang Li,Weiping Li
Jin Huang,Yue Gao,Sha Lu,Xibin Zhao,Yangdong Deng,Ming Gu
Wenjun Huang,Chao Liang,Yi Yu,Zheng Wang,Weijian Ruan,Ruimin Hu
Yu-Siang Huang,Szu-Yu Chou,Yi-Hsuan Yang
Zepeng Huo,Xiao Huang,Xia Hu
Maya Kabkab,Pouya Samangouei,Rama Chellappa
Hao-Cheng Kao,Kai-Fu Tang,Edward Y. Chang
Changhee Lee,William R. Zame,Jinsung Yoon,Mihaela van der Schaar
Dawei Li,Xiaolong Wang,Deguang Kong
Kai Li,Zhengming Ding,Sheng Li,Yun Fu
Chenghao Liu,Teng Zhang,Peilin Zhao,Jianling Sun,Steven C. H. Hoi
Qi Liu,Yue Zhang,Zhenguang Liu,Ye Yuan,Li Cheng,Roger Zimmermann
Zemin Liu,Vincent W. Zheng,Zhou Zhao,Fanwei Zhu,Kevin Chen-Chuan Chang,Minghui Wu,Jing Ying
Matthew B. A. McDermott,Tom Yan,Tristan Naumann,Nathan Hunt,Harini Suresh,Peter Szolovits,Marzyeh Ghassemi
Zhiyu Min,Dahua Lin
Alessandro Nuara,Francesco Trovò,Nicola Gatti,Marcello Restelli
Katsunori Ohnishi,Shohei Yamamoto,Yoshitaka Ushiku,Tatsuya Harada
Xu Shen,Xinmei Tian,Jun Xing,Yong Rui,Dacheng Tao
Yong-Siang Shih,Kai-Yueh Chang,Hsuan-Tien Lin,Min Sun
Kyungwoo Song,Wonsung Lee,Il-Chul Moon
Liangchen Song,Bo Du,Lefei Zhang,Liangpei Zhang,Jia Wu,Xuelong Li
Yang Song,Zhifei Zhang,Hairong Qi
Yu Su,Qingwen Liu,Qi Liu,Zhenya Huang,Yu Yin,Enhong Chen,Chris Ding,Si Wei,Guoping Hu
Liyan Sun,Zhiwen Fan,Yue Huang,Xinghao Ding,John Paisley
Qingyang Tan,Lin Gao,Yu-Kun Lai,Jie Yang,Shihong Xia
Wesley Tansey,Jesse Thomason,James G. Scott
Saeid Tizpaz-Niari,Pavol Cerny,Bor-Yuh Evan Chang,Ashutosh Trivedi
Bin Tong,Martin Klinkigt,Junwen Chen,Xiankun Cui,Quan Kong,Tomokazu Murakami,Yoshiyuki Kobayashi
Mark Valovage,Akshay Shekhawat,Maria Gini
Chaojie Wang,Bo Chen,Mingyuan Zhou
Dong Wang,Junbo Zhang,Wei Cao,Jian Li,Yu Zheng
Hongwei Wang,Jia Wang,Jialin Wang,Miao Zhao,Weinan Zhang,Fuzheng Zhang,Xing Xie,Minyi Guo
Menghan Wang,Xiaolin Zheng,Yang Yang,Kun Zhang
Nancy X. R. Wang,Ali Farhadi,Rajesh P. N. Rao,Bingni W. Brunton
Shoujin Wang,Liang Hu,Longbing Cao,Xiaoshui Huang,Defu Lian,Wei Liu
Tie-Qiang Wang,Cheng-Lin Liu
Xiaoqian Wang,Hao Huang
Jiahui Wen,Jingwei Ma,Yiliu Feng,Mingyang Zhong
Jiaming Xu,Jing Shi,Guangcan Liu,Xiuyi Chen,Bo Xu
Tong Xu,Hengshu Zhu,Chen Zhu,Pan Li,Hui Xiong
Zhenpei Yang,Lihang Liu,Qixing Huang
Huaxiu Yao,Fei Wu,Jintao Ke,Xianfeng Tang,Yitian Jia,Siyu Lu,Pinghua Gong,Jieping Ye,Zhenhui Li
Lu Yu,Chuxu Zhang,Shichao Pei,Guolei Sun,Xiangliang Zhang
Chaoyun Zhang,Mingjun Zhong,Zongzuo Wang,Nigel Goddard,Charles Sutton
Sheng Zhang,Yuliang Liu,Lianwen Jin,Canjie Luo
Yuan Zhang,Tianshu Lyu,Yan Zhang
Mengchen Zhao,Bo An,Yaodong Yu,Sulin Liu,Sinno Jialin Pan
Rui Zhao,Qiang Ji
Nenggan Zheng,Jun Wen,Risheng Liu,Liangqu Long,Jianhua Dai,Zhefeng Gong
Yanning Zhou,Qi Dou,Hao Chen,Jing Qin,Pheng-Ann Heng
Xiaofeng Zhu,Hongming Li,Yong Fan
Mohammed Alshiekh,Roderick Bloem,Rüdiger Ehlers,Bettina Könighofer,Scott Niekum,Ufuk Topcu
Hassan Ashtiani,Shai Ben-David,Abbas Mehrabian
Shumeet Baluja,Ian Fischer
Siddharth Barman,Aditya Gopalan,Aadirupa Saha
Sima Behpour,Wei Xing,Brian D. Ziebart
Jessa Bekker,Jesse Davis
Apratim Bhattacharyya,Mateusz Malinowski,Bernt Schiele,Mario Fritz
Avrim Blum,Nika Haghtalab
Aleksandar Bojchevski,Stephan Günnemann
Forough Rezaei Boroujeni,Sen Wang,Zhihui Li,Nicholas West,Bela Stantic,Lina Yao,Guodong Long
Daniel S. Brown,Scott Niekum
Gino Brunner,Oliver Richter,Yuyi Wang,Roger Wattenhofer
Jose Cadena,Arinjoy Basak,Anil Vullikanti,Xinwei Deng
Jose Cadena,Anil Vullikanti
Han Cai,Tianyao Chen,Weinan Zhang,Yong Yu,Jun Wang
Yue Cao,Mingsheng Long,Jianmin Wang
Zhu Cao,Linlin Wang,Gerard de Melo
Bo Chang,Lili Meng,Eldad Haber,Lars Ruthotto,David Begert,Elliot Holtham
Devendra Singh Chaplot,Kanthashree Mysore Sathyendra,Rama Kumar Pasumarthi,Dheeraj Rajagopal,Ruslan Salakhutdinov
Chia-Yu Chen,Jungwook Choi,Daniel Brand,Ankur Agrawal,Wei Zhang,Kailash Gopalakrishnan
Hao Chen,Yali Wang,Guoyou Wang,Yu Qiao
Liangzhe Chen,Sorour E. Amiri,B. Aditya Prakash
Yuntao Chen,Naiyan Wang,Zhaoxiang Zhang
Li Chou,Pracheta Sahoo,Somdeb Sarkhel,Nicholas Ruozzi,Vibhav Gogate
Kamil Ciosek,Shimon Whiteson
Andrew Cohen,Lei Yu,Robert Wright
Edith Cohen,Shiri Chechik,Haim Kaplan
Will Dabney,Mark Rowland,Marc G. Bellemare,Rémi Munos
Kristopher De Asis,J. Fernando Hernandez-Garcia,G. Zacharias Holland,Richard S. Sutton
Lizhong Ding,Shizhong Liao,Yong Liu,Peng Yang,Xin Gao
Trong Dinh Thac Do,Longbing Cao
Hao-Chen Dong,Yu-Feng Li,Zhi-Hua Zhou
Paolo Dragone,Stefano Teso,Mohit Kumar,Andrea Passerini
Paolo Dragone,Stefano Teso,Andrea Passerini
Mohsen Ahmadi Fahandar,Eyke Hüllermeier
Hélène Fargier,Pierre-François Gimenez,Jérôme Mengin
Ji Feng,Zhi-Hua Zhou
Jakob N. Foerster,Gregory Farquhar,Triantafyllos Afouras,Nantas Nardelli,Shimon Whiteson
Mohadeseh Ganji,James Bailey,Peter J. Stuckey
Tianxiang Gao,Chris Chu
Yuyang Gao,Liang Zhao
Christopher W. Geib,Pavan Kantharaju
Francesco Giannini,Michelangelo Diligenti,Marco Gori,Marco Maggini
Robert Giaquinto,Arindam Banerjee
Naman Goel,Mohammad Yaghini,Boi Faltings
Tieliang Gong,Guangtao Wang,Jieping Ye,Zongben Xu,Ming Lin
Kartik Goyal,Graham Neubig,Chris Dyer,Taylor Berg-Kirkpatrick
Aubrey Gress,Ian Davidson
Yuri Grinberg,Hossein Aboutalebi,Melanie Lyman-Abramovitch,Borja Balle,Doina Precup
Aditya Grover,Manik Dhar,Stefano Ermon
Aditya Grover,Stefano Ermon
Bin Gu,Miao Xin,Zhouyuan Huo,Heng Huang
Bin Gu,De Wang,Zhouyuan Huo,Heng Huang
Lei Gu,Ningning Zhou,Yang Zhao
Melody Y. Guan,Varun Gulshan,Andrew M. Dai,Geoffrey E. Hinton
Melody Y. Guan,Heinrich Jiang
Lan-Zhe Guo,Yu-Feng Li
Yong Guo,Qingyao Wu,Chaorui Deng,Jian Chen,Mingkui Tan
Eldad Haber,Lars Ruthotto,Elliot Holtham,Seong-Hwan Jun
Ahsanul Haque,Hemeng Tao,Swarup Chandra,Jie Liu,Latifur Khan
Satoshi Hara,Masakazu Ishihata
Jean Harb,Pierre-Luc Bacon,Martin Klissarov,Doina Precup
Anna Harutyunyan,Peter Vrancx,Pierre-Luc Bacon,Doina Precup,Ann Nowé
Shiyi He,Chang Xu,Tianyu Guo,Chao Xu,Dacheng Tao
Ahmed Hefny,Carlton Downey,Geoffrey Gordon
Peter Henderson,Wei-Di Chang,Pierre-Luc Bacon,David Meger,Joelle Pineau,Doina Precup
Peter Henderson,Riashat Islam,Philip Bachman,Joelle Pineau,Doina Precup,David Meger
Matteo Hessel,Joseph Modayil,Hado van Hasselt,Tom Schaul,Georg Ostrovski,Will Dabney,Dan Horgan,Bilal Piot,Mohammad Azar,David Silver
Todd Hester,Matej Vecerik,Olivier Pietquin,Marc Lanctot,Tom Schaul,Bilal Piot,Dan Horgan,John Quan,Andrew Sendonaris,Ian Osband,Gabriel Dulac-Arnold,John Agapiou,Joel Z. Leibo,Audrunas Gruslys
Trong Nghia Hoang,Quang Minh Hoang,Ruofei Ouyang,Kian Hsiang Low
Cheng-Yu Hsieh,Yi-An Lin,Hsuan-Tien Lin
Qinghao Hu,Peisong Wang,Jian Cheng
Qinmin Hu,Jie Zhou,Qin Chen,Liang He
Kejun Huang,Xiao Fu,Nicholas D. Sidiropoulos
Lei Huang,Xianglong Liu,Bo Lang,Adams Wei Yu,Yongliang Wang,Bo Li
Zhiwu Huang,Jiqing Wu,Luc Van Gool
Zhouyuan Huo,Bin Gu,Ji Liu,Heng Huang
Yoonho Hwang,Mooyeol Baek,Saehoon Kim,Bohyung Han,Hee-Kap Ahn
David Isele,Akansel Cosgun
Xiuyi Jia,Weiwei Li,Junyu Liu,Yu Zhang
Songlei Jian,Liang Hu,Longbing Cao,Kai Lu
Fei Jiang,Xiao-Yang Liu,Hongtao Lu,Ruimin Shen
Nan Jiang
Qing-Yuan Jiang,Wu-Jun Li
Aditya Jitta,Arto Klami
Heechul Jung,Jeongwoo Ju,Minju Jung,Junmo Kim
Zhao Kang,Chong Peng,Qiang Cheng,Zenglin Xu
Sebastian Kauschke,Johannes Fürnkranz
Kenji Kawaguchi,Bo Xie,Le Song
Ronald Kemker,Marc McClure,Angelina Abitino,Tyler L. Hayes,Christopher Kanan
Hiroshi Kera,Yoshihiko Hasegawa
Udayan Khurana,Horst Samulowitz,Deepak Turaga
Kee-Eung Kim,Hyun Soo Park
Saehoon Kim,Jungtaek Kim,Seungjin Choi
Soheil Kolouri,Mohammad Rostami,Yuri Owechko,Kyungnam Kim
Harshit Kumar,Arvind Agarwal,Riddhiman Dasgupta,Sachindra Joshi
Yeon-Chang Lee,Sang-Wook Kim,Dongwon Lee
Lucas Lehnert,Romain Laroche,Harm van Seijen
Cong Leng,Zesheng Dou,Hao Li,Shenghuo Zhu,Rong Jin
Daniel Levy,Stefano Ermon
Chaolong Li,Zhen Cui,Wenming Zheng,Chunyan Xu,Jian Yang
Da Li,Yongxin Yang,Yi-Zhe Song,Timothy M. Hospedales
Jinxing Li,Hongwei Yong,Bob Zhang,Mu Li,Lei Zhang,David Zhang
Jun Li,Hongfu Liu,Yun Fu
Jundong Li,Liang Wu,Harsh Dani,Huan Liu
Kai Li,Sheng Li,Zhengming Ding,Weidong Zhang,Yun Fu
Oscar Li,Hao Liu,Chaofan Chen,Cynthia Rudin
Qimai Li,Zhichao Han,Xiao-ming Wu
Ruoyu Li,Sheng Wang,Feiyun Zhu,Junzhou Huang
Shuai Li,Shengyu Zhang
Siyuan Li,Chongjie Zhang
Tianyang Li,Liu Liu,Anastasios Kyrillidis,Constantine Caramanis
Ya Li,Mingming Gong,Xinmei Tian,Tongliang Liu,Dacheng Tao
Yingming Li,Zenglin Xu,Zhongfei Zhang
Zhihui Li,Feiping Nie,Xiaojun Chang,Zhigang Ma,Yi Yang
Shuangli Liao,Jin Li,Yang Liu,Quanxue Gao,Xinbo Gao
Woosang Lim,Rundong Du,Haesun Park
Bo Liu,Ying Wei,Yu Zhang,Zhixian Yan,Qiang Yang
Chang Liu,Jun Zhu
Chong Liu,Peng Zhao,Sheng-Jun Huang,Yuan Jiang,Zhi-Hua Zhou
Fang Liu,Swapna Buccapatnam,Ness Shroff
Fang Liu,Joohyun Lee,Ness Shroff
Fanghui Liu,Xiaolin Huang,Chen Gong,Jie Yang,Li Li
Kuan Liu,Prem Natarajan
Lanlan Liu,Jia Deng
Weiwei Liu,Zhuanghua Liu,Ivor W. Tsang,Wenjie Zhang,Xuemin Lin
Yang Liu,Quanxue Gao,Jungong Han,Shujian Wang
Zuozhu Liu,Tony Q. S. Quek,Shaowei Lin
Palma London,Shai Vardi,Adam Wierman,Hanling Yi
Canyi Lu,Jiashi Feng,Zhouchen Lin,Shuicheng Yan
Lei Luo,Heng Huang
Shirui Luo,Changqing Zhang,Wei Zhang,Xiaochun Cao
Ke Ma,Jinshan Zeng,Jiechao Xiong,Qianqian Xu,Xiaochun Cao,Wei Liu,Yuan Yao
Shlomi Maliah,Guy Shani
Hitoshi Manabe,Katsuhiko Hayashi,Masashi Shimbo
Ofir Marom,Benjamin Rosman
Koji Maruhashi,Masaru Todoriki,Takuya Ohwa,Keisuke Goto,Yu Hasegawa,Hiroya Inakoshi,Hirokazu Anai
Changping Meng,S Chandra Mouli,Bruno Ribeiro,Jennifer Neville
Xuying Meng,Suhang Wang,Huan Liu,Yujun Zhang
Xuying Meng,Suhang Wang,Kai Shu,Jundong Li,Bo Chen,Huan Liu,Yujun Zhang
Aditya Krishna Menon,Young Lee
Vinith Misra,Sumit Bhatia
Alejandro Molina,Alexander Munteanu,Kristian Kersting
Alejandro Molina,Antonio Vergari,Nicola Di Mauro,Sriraam Natarajan,Floriana Esposito,Kristian Kersting
Yusuke Mukuta,Yoshitaka Ushiku,Tatsuya Harada
Sharad Nandanwar,M. N. Murty
Thanh V. Nguyen,Raymond K. W. Wong,Chinmay Hegde
Takayuki Osa,Masashi Sugiyama
Takayuki Osogami,Rudy Raymond,Akshay Goel,Tomoyuki Shirai,Takanori Maehara
Ruofei Ouyang,Kian Hsiang Low
Mete Ozay,Takayuki Okatani
Guansong Pang,Longbing Cao,Ling Chen,Defu Lian,Huan Liu
Shameem A. Puthiya Parambath,Nishant Vijayakumar,Sanjay Chawla
Seongsik Park,Seijoon Kim,Seil Lee,Ho Bae,Sungroh Yoon
Sungrae Park,JunKeon Park,Su-Jin Shin,Il-Chul Moon
Supratik Paul,Konstantinos Chatzilygeroudis,Kamil Ciosek,Jean-Baptiste Mouret,Michael A. Osborne
Zhongyi Pei,Zhangjie Cao,Mingsheng Long,Jianmin Wang
Ethan Perez,Florian Strub,Harm de Vries,Vincent Dumoulin
Silviu Pitis
Farhad Pourkamali-Anaraki,Stephen Becker,Michael B. Wakin
S. Hamid Rezatofighi,Anton Milan,Qinfeng Shi,Anthony Dick,Ian Reid
Raif M. Rustamov,James T. Klosowski
Shota Saito,Danilo P. Mandic,Hideyuki Suzuki
Aghiles Salah,Melissa Ailem,Mohamed Nadif
Saber Salehkaleybar,Jalal Etesami,Negar Kiyavash,Kun Zhang
Swami Sankaranarayanan,Arpit Jain,Rama Chellappa,Ser Nam Lim
Pedro H. P. Savarese,Mayank Kakodkar,Bruno Ribeiro
Shahin Shahrampour,Ahmad Beirami,Vahid Tarokh
Shiv Shankar,Sunita Sarawagi
Shashank Sharma,Vinay P. Namboodiri
Qi She,Yuan Gao,Kai Xu,Rosa H. M. Chan
Jian Shen,Yanru Qu,Weinan Zhang,Yong Yu
Xiaobo Shen,Weiwei Liu,Ivor W. Tsang,Quan-Sen Sun,Yew-Soon Ong
Shinichi Shirakawa,Yasushi Iwata,Youhei Akimoto
Adish Singla,Hamed Hassani,Andreas Krause
Huan Song,Deepta Rajan,Jayaraman J. Thiagarajan,Andreas Spanias
Denis Steckelmacher,Diederik M. Roijers,Anna Harutyunyan,Peter Vrancx,Hélène Plisnier,Ann Nowé
Gan Sun,Yang Cong,Xiaowei Xu
Wesley Tansey,Karl Pichotta,James G. Scott
Hong Tao,Chenping Hou,Xinwang Liu,Tongliang Liu,Dongyun Yi,Jubo Zhu
Arash Tavakoli,Fabio Pardo,Petar Kormushev
Shixin Tian,Guolei Yang,Ying Cai
Tian Tian,Yichi Zhou,Jun Zhu
Anthony Tompkins,Fabio Ramos
Antonio Vergari,Robert Peharz,Nicola Di Mauro,Alejandro Molina,Kristian Kersting,Floriana Esposito
Ngo Anh Vien,Heiko Zimmermann,Marc Toussaint
Chen Wang,Le Zhang,Lihua Xie,Junsong Yuan
Li Wang,Dajiang Zhu,Yujie Chi
Lichen Wang,Zhengming Ding,Yun Fu
Wei Wang,Hao Wang,Zhi-Yong Ran,Ran He
Wenlin Wang,Yunchen Pu,Vinay Kumar Verma,Kai Fan,Yizhe Zhang,Piyush Rai,Lawrence Carin
Xishun Wang,Minjie Zhang,Fenghui Ren
Yanjie Wang,Rainer Gemulla,Hui Li
Yanzhi Wang,Caiwen Ding,Zhe Li,Geng Yuan,Siyu Liao,Xiaolong Ma,Bo Yuan,Xuehai Qian,Jian Tang,Qinru Qiu,Xue Lin
Yuanhong Wang,Yuyi Wang,Xingwu Liu,Juhua Pu
Yugang Wang,Ehsan Elhamifar
Yunhe Wang,Chang Xu,Chao Xu,Dacheng Tao
Jianqiao Wangni
Elia Van Wolputte,Evgeniya Korneva,Hendrik Blockeel
Guotian Xie,Ting Zhang,Kuiyuan Yang,Jianhuang Lai,Jingdong Wang
Jianwen Xie,Yang Lu,Ruiqi Gao,Ying Nian Wu
Ming-Kun Xie,Sheng-Jun Huang
Zheng Xie,Ming Li
You-Lu Xing,Fu-Rao Shen,Jin-Xi Zhao,Jing-Xin Pan,Ah-Hwee Tan
Qianqian Xu,Jiechao Xiong,Xi Chen,Qingming Huang,Yuan Yao
Yuhui Xu,Yongzhuang Wang,Aojun Zhou,Weiyao Lin,Hongkai Xiong
Niannan Xue,Jiankang Deng,Yannis Panagakis,Stefanos Zafeiriou
Jiexi Yan,Cheng Deng,Xianglong Liu
Jufeng Yang,Jie Liang,Kai Wang,Yong-Liang Yang,Ming-Ming Cheng
Sikun Yang,Heinz Koeppl
Xu Yang,Cheng Deng,Xianglong Liu,Feiping Nie
Donghyun Yoo,Haoqi Fan,Vishnu Naresh Boddeti,Kris M. Kitani
Shan You,Chang Xu,Chao Xu,Dacheng Tao
Ao Zhang,Nan Li,Jian Pu,Jun Wang,Junchi Yan,Hongyuan Zha
Changqing Zhang,Ehsan Adeli,Tao Zhou,Xiaobo Chen,Dinggang Shen
Changqing Zhang,Ziwei Yu,Qinghua Hu,Pengfei Zhu,Xinwang Liu,Xiaobo Wang
Jason (Jiasheng) Zhang,Dongwon Lee
Muhan Zhang,Zhicheng Cui,Shali Jiang,Yixin Chen
Muhan Zhang,Zhicheng Cui,Marion Neumann,Yixin Chen
Qian-Wen Zhang,Yun Zhong,Min-Ling Zhang
Quanshi Zhang,Ruiming Cao,Feng Shi,Ying Nian Wu,Song-Chun Zhu
Quanshi Zhang,Wenguan Wang,Song-Chun Zhu
Teng Zhang,Zhi-Hua Zhou
Xuezhou Zhang,Xiaojin Zhu,Stephen Wright
Zizhao Zhang,Yubo Zhang,Xibin Zhao,Yue Gao
Liang Zhao,Junxiang Wang,Xiaojie Guo
Peng Zhao,Zhi-Hua Zhou
Xiaohan Zhao,Bo Zong,Ziyu Guan,Kai Zhang,Wei Zhao
Xibin Zhao,Nan Wang,Heyuan Shi,Hai Wan,Jin Huang,Yue Gao
Zhibing Zhao,Tristan Villamil,Lirong Xia
Feng Zheng,Heng Huang
Kaiyu Zheng,Andrzej Pronobis,Rajesh P. N. Rao
Xiang Zheng,Xiuyi Jia,Weiwei Li
Chang Zhou,Jinze Bai,Junshuai Song,Xiaofei Liu,Zhengchao Zhao,Xiusi Chen,Jun Gao
Datong P. Zhou,Claire J. Tomlin
Guorui Zhou,Ying Fan,Runpeng Cui,Weijie Bian,Xiaoqiang Zhu,Kun Gai
Joey Tianyi Zhou,Kai Di,Jiawei Du,Xi Peng,Hao Yang,Sinno Jialin Pan,Ivor W. Tsang,Yong Liu,Zheng Qin,Rick Siow Mong Goh
Yiren Zhou,Seyed-Mohsen Moosavi-Dezfooli,Ngai-Man Cheung,Pascal Frossard
Yuxun Zhou,Han Zou,Reza Arghandeh,Weixi Gu,Costas J. Spanos
Wanzheng Zhu,Chao Zhang,Shuochao Yao,Xiaobin Gao,Jiawei Han
Linlin Zong,Xianchao Zhang,Xinyue Liu,Hong Yu
Abhijin Adiga,Chris J. Kuhlman,Madhav V. Marathe,Ravi S. S.,Daniel J. Rosenkrantz,Richard E. Stearns
Haris Aziz,Sylvain Bouveret,Ioannis Caragiannis,Ira Giagkousi,Jérôme Lang
Shuo Chen,Athirai A. Irissappane,Jie Zhang
Ziyu Chen,Tengfei Wu,Yanchen Deng,Cheng Zhang
Frits de Nijs,Matthijs T. J. Spaan,Mathijs M. de Weerdt
Palash Dey
Yannis Dimopoulos,Jean-Guy Mailly,Pavlos Moraitis
David Mguni,Joel Jennings,Enrique Munoz de Cote
Shun Miao,Sebastien Piat,Peter Fischer,Ahmet Tuysuzoglu,Philip Mewes,Tommaso Mansi,Rui Liao
Pavel Naumov,Jia Tao
Gang Qiao,Sejong Yoon,Mubbasir Kapadia,Vladimir Pavlovic
Jiang Rong,Tao Qin,Bo An
Fernando P. Santos,Jorge M. Pacheco,Francisco C. Santos
Davide Tateo,Jacopo Banfi,Alessandro Riva,Francesco Amigoni,Andrea Bonarini
Bryan Wilder,Nicole Immorlica,Eric Rice,Milind Tambe
Kyle Hollins Wray,Akshat Kumar,Shlomo Zilberstein
Feng Wu,Shlomo Zilberstein,Xiaoping Chen
Yanhai Xiong,Haipeng Chen,Mengchen Zhao,Bo An
James F. Allen,Omid Bahkshandeh,William de Beaumont,Lucian Galescu,Choh Man Teng
Ziqiang Cao,Furu Wei,Wenjie Li,Sujian Li
Kehai Chen,Rui Wang,Masao Utiyama,Eiichiro Sumita,Tiejun Zhao
Ping Chen,Fei Wu,Tong Wang,Wei Ding
Peng Fu,Zheng Lin,Fengcheng Yuan,Weiping Wang,Dan Meng
Shu Guo,Quan Wang,Lihong Wang,Bin Wang,Li Guo
Amit Gupta,Rémi Lebret,Hamza Harkous,Karl Aberer
Xu Han,Zhiyuan Liu,Maosong Sun
I-Ta Lee,Dan Goldwasser
Wenqiang Lei,Yuanxin Xiang,Yuwei Wang,Qian Zhong,Meichun Liu,Min-Yen Kan
Chu-Cheng Lin,Dongyeop Kang,Michael Gamon,Patrick Pantel
Jian Liu,Yubo Chen,Kang Liu,Jun Zhao
Lemao Liu,Muhua Zhu,Shuming Shi
Tianyu Liu,Kexiang Wang,Lei Sha,Baobao Chang,Zhifang Sui
Stefano Menini,Elena Cabrio,Sara Tonelli,Serena Villata
Xiaochang Peng,Daniel Gildea,Giorgio Satta
Sepideh Sadeghi,Matthias Scheutz
Vivian S. Silva,Siegfried Handschuh,André Freitas
Anant Subramanian,Danish Pruthi,Harsh Jhamtani,Taylor Berg-Kirkpatrick,Eduard Hovy
Zhixing Tan,Mingxuan Wang,Jun Xie,Yidong Chen,Xiaodong Shi
Longyue Wang,Zhaopeng Tu,Shuming Shi,Tong Zhang,Yvette Graham,Qun Liu
Noah Weber,Niranjan Balasubramanian,Nathanael Chambers
Ruobing Xie,Zhiyuan Liu,Fen Lin,Leyu Lin
Hao Xiong,Zhongjun He,Xiaoguang Hu,Hua Wu
Tom Young,Erik Cambria,Iti Chaturvedi,Hao Zhou,Subham Biswas,Minlie Huang
Minghua Zhang,Yunfang Wu
Qingyu Zhou,Nan Yang,Furu Wei,Ming Zhou
Chaitanya Ahuja,Louis-Philippe Morency
Domagoj Alagić,Jan Šnajder,Sebastian Padó
Mikel Artetxe,Gorka Labaka,Eneko Agirre
Junwei Bao,Duyu Tang,Nan Duan,Zhao Yan,Yuanhua Lv,Ming Zhou,Tiejun Zhao
Yonatan Bisk,Kevin J Shih,Yejin Choi,Daniel Marcu
Danushka Bollegala,Yuichi Yoshida,Ken-ichi Kawarabayashi
Florin Adrian Bulgarov,Rodney Nielsen
Shaosheng Cao,Wei Lu,Jun Zhou,Xiaolong Li
Devendra Singh Chaplot,Ruslan Salakhutdinov
Junkun Chen,Xipeng Qiu,Pengfei Liu,Xuanjing Huang
Xilun Chen,K. Selcuk Candan,Maria Luisa Sapino
Yun Chen,Yang Liu,Victor O.K. Li
Jihun Choi,Kang Min Yoo,Sang-goo Lee
Jiangtao Feng,Xiaoqing Zheng
Marjan Ghazvininejad,Chris Brockett,Ming-Wei Chang,Bill Dolan,Jianfeng Gao,Wen-tau Yih,Michel Galley
Ana V. González-Garduño,Anders Søgaard
Jiatao Gu,Daniel Jiwoong Im,Victor O.K. Li
Jiatao Gu,Yong Wang,Kyunghyun Cho,Victor O.K. Li
Jiaxian Guo,Sidi Lu,Han Cai,Weinan Zhang,Yong Yu,Jun Wang
Ankush Gupta,Arvind Agarwal,Prawaan Singh,Piyush Rai
Ting Han,Casey Kennington,David Schlangen
Homa B. Hashemi,Rebecca Hwa
Christopher Thomas Hidey,Kathleen McKeown
Shiou Tian Hsu,Changsung Moon,Paul Jones,Nagiza Samatova
Tushar Khot,Ashish Sabharwal,Peter Clark
Douwe Kiela,Edouard Grave,Armand Joulin,Tomas Mikolov
Haonan Li,Zhisong Zhang,Yuqi Ju,Hai Zhao
Juncen Li,Ping Luo,Fen Lin,Bo Chen
Zhongliang Li,Raymond Kulhanek,Shaojun Wang,Yunxin Zhao,Shuang Wu
Yuding Liang,Kenny Qili Zhu
Zachary Lipton,Xiujun Li,Jianfeng Gao,Lihong Li,Faisal Ahmed,Li Deng
Bing Liu,Tong Yu,Ian Lane,Ole J. Mengshoel
Liyuan Liu,Jingbo Shang,Xiang Ren,Frank Fangzheng Xu,Huan Gui,Jian Peng,Jiawei Han
Qian Liu,Heyan Huang,Guangquan Zhang,Yang Gao,Junyu Xuan,Jie Lu
Yang Liu,Wenge Rong,Zhang Xiong
Farhana Ferdousi Liza,Marek Grzes
Lajanugen Logeswaran,Honglak Lee,Dragomir Radev
Nurul Lubis,Sakriani Sakti,Koichiro Yoshino,Satoshi Nakamura
Xufang Luo,Zijia Lin,Yunhong Wang,Zaiqing Nie
Tsvetomila Mihaylova,Preslav Nakov,Lluís Màrquez,Alberto Barrón-Cedeño,Mitra Mohtarami,Georgi Karadzhov,James Glass
Kaixiang Mo,Yu Zhang,Shuangyin Li,Jiajun Li,Qiang Yang
Vishal Ishwar Naik,Angeliki Metallinou,Rahul Goel
Thanapon Noraset,David Demeter,Doug Downey
James O' Neill,Paul Buitelaar
Hamid Palangi,Paul Smolensky,Xiaodong He,Li Deng
Nikos Papasarantopoulos,Helen Jiang,Shay B. Cohen
Natalie Parde,Rodney D. Nielsen
Tommaso Pasini,Roberto Navigli
Haoyuan Peng,Lu Liu,Yi Zhou,Junying Zhou,Xiaoqing Zheng
Vittorio Perera,Tagyoung Chung,Thomas Kollar,Emma Strubell
Daniel W Peterson,Martha Palmer
Jonathan Raphael Raiman,Olivier Michel Raiman
Lei Sha,Lili Mou,Tianyu Liu,Pascal Poupart,Sujian Li,Baobao Chang,Zhifang Sui
Lei Sha,Xiaodong Zhang,Feng Qian,Baobao Chang,Zhifang Sui
Harshil Shah,Bowen Zheng,David Barber
Dinghan Shen,Yizhe Zhang,Ricardo Henao,Qinliang Su,Lawrence Carin
Tao Shen,Tianyi Zhou,Guodong Long,Jing Jiang,Shirui Pan,Chengqi Zhang
Xiaoyu Shen,Hui Su,Shuzi Niu,Vera Demberg
Avirup Sil,Gourab Kundu,Radu Florian,Wael Hamza
Abhishek Kumar Singh,Manish Gupta,Vasudeva Varma
Behrouz Haji Soleimani,Stan Matwin
Jinsong Su,Shan Wu,Deyi Xiong,Yaojie Lu,Xianpei Han,Biao Zhang
Jinyue Su,Jiacheng Xu,Xipeng Qiu,Xuanjing Huang
Hao Tan,Mohit Bansal
Yi Tay,Luu Anh Tuan,Siu Cheung Hui
Jesse Thomason,Jivko Sinapov,Raymond J. Mooney,Peter Stone
Chen-Tse Tsai,Dan Roth
Bailin Wang,Wei Lu
Lei Wang,Dongxiang Zhang,Lianli Gao,Jingkuan Song,Long Guo,Heng Tao Shen
Yijun Wang,Yingce Xia,Li Zhao,Jiang Bian,Tao Qin,Guiquan Liu,Tie-Yan Liu
Yuxuan Wang,Wanxiang Che,Jiang Guo,Ting Liu
Ledell Yu Wu,Adam Fisch,Sumit Chopra,Keith Adams,Antoine Bordes,Jason Weston
Lijun Wu,Fei Tian,Li Zhao,Jianhuang Lai,Tie-Yan Liu
Yu Wu,Wei Wu,Can Xu,Zhoujun Li
Yu Wu,Wei Wu,Dejian Yang,Can Xu,Zhoujun Li
Yuxiang Wu,Baotian Hu
Chen Xing,Yu Wu,Wei Wu,Yalou Huang,Ming Zhou
Linli Xu,Liang Jiang,Chuan Qin,Zhe Wang,Dongfang Du
Éloi Zablocki,Benjamin Piwowarski,Laure Soulier,Patrick Gallinari
Amir Zadeh,Paul Pu Liang,Navonil Mazumder,Soujanya Poria,Erik Cambria,Louis-Philippe Morency
Amir Zadeh,Paul Pu Liang,Soujanya Poria,Prateek Vij,Erik Cambria,Louis-Philippe Morency
Xiangkai Zeng,Cheng Yang,Cunchao Tu,Zhiyuan Liu,Maosong Sun
Xiangrong Zeng,Shizhu He,Kang Liu,Jun Zhao
Peng Zhang,Jiabin Niu,Zhan Su,Benyou Wang,Liqun Ma,Dawei Song
Qi Zhang,Jinlan Fu,Xiaoyu Liu,Xuanjing Huang
Qi Zhang,Xiaoyu Liu,Jinlan Fu
Rui Zhang,Honglak Lee,Lazaros Polymenakos,Dragomir Radev
Xiangwen Zhang,Jinsong Su,Yue Qin,Yang Liu,Rongrong Ji,Hongji Wang
Xiao Zhang,Ji Wu,Zhiyang He,Xien Liu,Ying Su
Zexuan Zhong,Yong Cao,Yong Cao,Mu Guo,Mu Guo,Zaiqing Nie,Zaiqing Nie
Ganbin Zhou,Ping Luo,Rongyu Cao,Yijun Xiao,Fen Lin,Bo Chen,Qing He
Ganbin Zhou,Ping Luo,Yijun Xiao,Fen Lin,Bo Chen,Qing He
Yi Zhou,Junying Zhou,Lu Liu,Jiangtao Feng,Haoyuan Peng,Xiaoqing Zheng
Xiaoyan Cai,Junwei Han,Libin Yang
Shamil Chollampatt,Hwee Tou Ng
Haibo Ding,Ellen Riloff
Xin Dong,Gerard de Melo
Jun Feng,Minlie Huang,Li Zhao,Yang Yang,Xiaoyan Zhu
Ruifang He,Xingyi Duan
Zhengqiu He,Wenliang Chen,Zhenghua Li,Meishan Zhang,Wei Zhang,Min Zhang
Ryo Ishida,Kentaro Torisawa,Jong-Hoon Oh,Ryu Iida,Canasai Kruengkrai,Julien Kloetzer
Rijula Kar,Susmija Reddy,Sourangshu Bhattacharya,Anirban Dasgupta,Soumen Chakrabarti
Tom Kenter,Llion Jones,Daniel Hewlett
Souvik Kundu,Hwee Tou Ng
Chen Li,Jianxin Li,Yangqiu Song,Ziwei Lin
Chenrui Li,Yuanbin Wu,Man Lan
Zheng Li,Ying Wei,Yu Zhang,Qiang Yang
Shangsong Liang
Yi Luo,Guojie Song,Pengyu Li,Zhongang Qi
Yukun Ma,Haiyun Peng,Erik Cambria
Abhijit Mishra,Srikanth Tamilselvam,Riddhiman Dasgupta,Seema Nagar,Kuntal Dey
Huy V. Nguyen,Diane J. Litman
Thien Huu Nguyen,Ralph Grishman
Feng Nie,Yunbo Cao,Jinpeng Wang,Chin-Yew Lin,Rong Pan
Lei Sha,Feng Qian,Baobao Chang,Zhifang Sui
Stanley Simoes,Deepak P,Munu Sairamesh,Deepak Khemani,Sameep Mehta
Yiping Song,Rui Yan,Yansong Feng,Yaoyuan Zhang,Dongyan Zhao,Ming Zhang
Chuanqi Tan,Furu Wei,Nan Yang,Bowen Du,Weifeng Lv,Ming Zhou
Yi Tay,Minh C. Phan,Luu Anh Tuan,Siu Cheung Hui
Yi Tay,Luu Anh Tuan,Siu Cheung Hui
Shaonan Wang,Jiajun Zhang,Nan Lin,Chengqing Zong
Shaonan Wang,Jiajun Zhang,Chengqing Zong
Shuohang Wang,Mo Yu,Xiaoxiao Guo,Zhiguo Wang,Tim Klinger,Wei Zhang,Shiyu Chang,Gerry Tesauro,Bowen Zhou,Jing Jiang
Zhen Wu,Xin-Yu Dai,Cunyan Yin,Shujian Huang,Jiajun Chen
Ji Xin,Yankai Lin,Zhiyuan Liu,Maosong Sun
Linzi Xing,Michael J. Paul
Hu Xu,Sihong Xie,Lei Shu,Philip S. Yu
Zhao Yan,Duyu Tang,Nan Duan,Shujie Liu,Wendi Wang,Daxin Jiang,Ming Zhou,Zhoujun Li
Jun Yang,Runqi Yang,Chongjun Wang,Junyuan Xie
Zheng Yuan,Doug Downey
Ying Zeng,Yansong Feng,Rong Ma,Zheng Wang,Rui Yan,Chongde Shi,Dongyan Zhao
Tianyang Zhang,Minlie Huang,Li Zhao
Xiaodong Zhang,Xu Sun,Houfeng Wang
Yuyu Zhang,Hanjun Dai,Zornitsa Kozareva,Alexander J. Smola,Le Song
Haichao Zhu,Furu Wei,Bing Qin,Ting Liu
Lucas Agussurja,Akshat Kumar,Hoong Chuin Lau
Masataro Asai,Alex Fukunaga
Wilmer Bandres,Blai Bonet,Hector Geffner
Gregor Behnke,Daniel Höller,Susanne Biundo
Johannes Blum,Stefan Funke,Sabine Storandt
Hong-Min Chu,Shao-Wen Yang,Padmanabhan Pillai,Yen-Kuang Chen
Eldan Cohen,J. Christopher Beck
Gal Dalal,Balázs Szörényi,Gugan Thoppe,Shie Mannor
Giuseppe De Giacomo,Moshe Y. Vardi,Paolo Felli,Natasha Alechina,Brian Logan
Raquel Fuentetaja,Michael Barley,Daniel Borrajo,Jordan Douglas,Santiago Franco,Patricia Riddle
Rick Goldstein,Stephen F. Smith
Tarun Gupta,Akshat Kumar,Praveen Paruchuri
Richard Hoshino
Gal A. Kaminka,Mor Vered,Noa Agmon
Michael Katz,Dany Moshkovich,Erez Karpas
Shufeng Kong,Jae Hee Lee,Sanjiang Li
T. K. Satish Kumar,Zhi Wang,Anoop Kumar,Craig Milo Rogers,Craig A. Knoblock
Robert Mattmüller,Florian Geißer,Benedict Wright,Bernhard Nebel
Sufeng Niu,Siheng Chen,Hanyu Guo,Colin Targonski,Melissa C. Smith,Jelena Kovačević
Chiara Piacentini,Margarita P. Castro,Andre A. Cire,J. Christopher Beck
Hangwei Qian,Sinno Jialin Pan,Chunyan Miao
Abdallah Saffidine,François Schwarzentruber,Bruno Zanuttini
Wen Song,Donghun Kang,Jie Zhang,Hui Xi
Patrick Speicher,Marcel Steinmetz,Michael Backes,Jörg Hoffmann,Robert Künnemann
Sam Toyer,Felipe Trevizan,Sylvie Thiébaux,Lexing Xie
Shuai Xiao,Hongteng Xu,Junchi Yan,Mehrdad Farajtabar,Xiaokang Yang,Le Song,Hongyuan Zha
Dalal Alrajeh,Hana Chockler,Joseph Yehuda Halpern
Florian Benavent,Bruno Zanuttini
Liat Cohen,Tal Grinshpoun,Gera Weiss
Juan D. Correa,Jin Tian,Elias Bareinboim
Kaya Deuser,Pavel Naumov
Nicholas Gallo,Alexander Ihler
Mohammad Maminur Islam,Somdeb Sarkhel,Deepak Venugopal
Seyed Mehran Kazemi,David Poole
Jonathan Kuck,Ashish Sabharwal,Stefano Ermon
Ondřej Kuželka,Yuyi Wang,Jesse Davis,Steven Schockaert
Qi Lou,Rina Dechter,Alexander Ihler
Rui Luo,Weinan Zhang,Xiaojun Xu,Jun Wang
Daniel J. Mankowitz,Timothy A. Mann,Pierre-Luc Bacon,Doina Precup,Shie Mannor
Subhojyoti Mukherjee,K. P. Naveen,Nandan Sudarsanam,Balaraman Ravindran
Christian R. Shelton,Zhen Qin,Chandini Shetty
Yujia Shen,Arthur Choi,Adnan Darwiche
Matvey Soloviev,Joseph Y. Halpern
Bryan Wilder
Zihao Xiao,Jianfei Chen,Jun Zhu
Changhao Chen,Xiaoxuan Lu,Andrew Markham,Niki Trigoni
Eduard Eiben,Jonathan Gemmell,Iyad Kanj,Andrew Youngdahl
Nathan Fulton,André Platzer
Vitor Guizilini,Fabio Ramos
Fei Han,Hua Wang,Hao Zhang
Beomjoon Kim,Leslie Pack Kaelbling,Tomás Lozano-Pérez
Nisha Pillai,Cynthia Matuszek
Rouhollah Rahmatizadeh,Pooya Abolghasemi,Aman Behal,Ladislau Bölöni
Ransalu Senanayake,Fabio Ramos
Arjun Sharma,Kris M. Kitani
Akifumi Wachi,Yanan Sui,Yisong Yue,Masahiro Ono
Roberto Amadini,Graeme Gange,Peter J. Stuckey
Maria Luisa Bonet,Sam Buss,Alexey Ignatiev,Joao Marques-Silva,Antonio Morgado
Curtis Bright,Ilias Kotsireas,Vijay Ganesh
Stefan Haller,Paul Swoboda,Bogdan Savchynskyy
Mohd. Hafiz Hasan,Pascal Van Hentenryck,Ceren Budak,Jiayu Chen,Chhavi Chaudhry
Marijn J. H. Heule
Mikoláš Janota
Nina Narodytska,Shiva Kasiviswanathan,Leonid Ryzhyk,Mooly Sagiv,Toby Walsh
Guillaume Perez,Jean-Charles Régin
Alessandro Previti,Carlos Mencía,Matti Järvisalo,Joao Marques-Silva
Alexander Semenov,Oleg Zaikin,Ilya Otpuschennikov,Stepan Kochemazov,Alexey Ignatiev
Miguel Terra-Neves,Inês Lynce,Vasco Manquinho
Wei Xia,Roland H. C. Yap
Wissam J. Baddar,Yong Man Ro
Christian Bartz,Haojin Yang,Christoph Meinel
Bing Cao,Nannan Wang,Xinbo Gao,Jie Li
Chunshui Cao,Yongzhen Huang,Zilei Wang,Liang Wang,Ninglong Xu,Tieniu Tan
Zhangjie Cao,Mingsheng Long,Chao Huang,Jianmin Wang
Hui Chen,Guiguang Ding,Sicheng Zhao,Jungong Han
Shang-Fu Chen,Yi-Chen Chen,Chih-Kuan Yeh,Yu-Chiang Frank Wang
Tianshui Chen,Liang Lin,Wangmeng Zuo,Xiaonan Luo,Lei Zhang
Tianshui Chen,Zhouxia Wang,Guanbin Li,Liang Lin
Ernest Cheung,Anson Wong,Aniket Bera,Dinesh Manocha
Shih-Han Chou,Yi-Chun Chen,Kuo-Hao Zeng,Hou-Ning Hu,Jianlong Fu,Min Sun
Volkan Cirik,Taylor Berg-Kirkpatrick,Louis-Philippe Morency
Guillem Collell,Luc Van Gool,Marie-Francine Moens
Dan Deng,Haifeng Liu,Xuelong Li,Deng Cai
Hui Ding,Kumar Sricharan,Rama Chellappa
Hui Ding,Hao Zhou,Shaohua Kevin Zhou,Rama Chellappa
Xiaohan Ding,Guiguang Ding,Jungong Han,Sheng Tang
Yang Du,Chunfeng Yuan,Bing Li,Weiming Hu,Hao Yang,Zhikang Fu,Lili Zhao
Xin Fan,Risheng Liu,Kang Huyan,Yuyao Feng,Zhongxuan Luo
Hao-Shu Fang,Yuanlu Xu,Wenguan Wang,Xiaobai Liu,Song-Chun Zhu
Gaurav Goswami,Nalini Ratha,Akshay Agarwal,Richa Singh,Mayank Vatsa
Jiuxiang Gu,Jianfei Cai,Gang Wang,Tsuhan Chen
Dan Guo,Wengang Zhou,Houqiang Li,Meng Wang
Haiyun Guo,Chaoyang Zhao,Zhiwei Liu,Jinqiao Wang,Hanqing Lu
Tianchu Guo,Youngsung Kim,Hui Zhang,Deheng Qian,ByungIn Yoo,Jingtao Xu,Dongqing Zou,Jae-Joon Han,Changkyu Choi
Yuchen Guo,Guiguang Ding,Jungong Han,Sheng Tang
Emily M. Hand,Carlos Castillo,Rama Chellappa
Wangli Hao,Zhaoxiang Zhang,He Guan
Wangli Hao,Zhaoxiang Zhang,He Guan
Yue He,Kaidi Cao,Cheng Li,Chen Change Loy
Jingyi Hou,Xinxiao Wu,Jin Chen,Jiebo Luo,Yunde Jia
BingZhang Hu,Feng Zheng,Ling Shao
Tao Hu,Honggang Qi,Jizheng Xu,Qingming Huang
Ting-Kuei Hu,Yen-Yu Lin,Pi-Cheng Hsiu
Xiaowei Hu,Lei Zhu,Jing Qin,Chi-Wing Fu,Pheng-Ann Heng
Jingjia Huang,Nannan Li,Tao Zhang,Ge Li,Tiejun Huang,Wen Gao
Wenhao Jiang,Lin Ma,Xinpeng Chen,Hanwang Zhang,Wei Liu
Jiening Jiao,Wei-Shi Zheng,Ancong Wu,Xiatian Zhu,Shaogang Gong
Junsik Kim,Seokju Lee,Tae-Hyun Oh,In So Kweon
Namil Kim,Yukyung Choi,Soonmin Hwang,In So Kweon
Matthew Klawonn,Eric Heim
Yu Kong,Shangqian Gao,Bin Sun,Yun Fu
Xiangyuan Lan,Mang Ye,Shengping Zhang,Pong C. Yuen
Boyi Li,Xiulian Peng,Zhangyang Wang,Jizheng Xu,Dan Feng
Guanbin Li,Yuan Xie,Liang Lin
Mengtian Li,Laszlo Jeni,Deva Ramanan
Yabei Li,Junge Zhang,Yanhua Cheng,Kaiqi Huang,Tieniu Tan
Yan Li,Zhen Jia,Junge Zhang,Kaiqi Huang,Tieniu Tan
Yi Li,Lingxiao Song,Xiang Wu,Ran He,Tieniu Tan
Yitong Li,Martin Renqiang Min,Dinghan Shen,David Carlson,Lawrence Carin
Zeming Li,Yilun Chen,Gang Yu,Yangdong Deng
Zhihui Li,Lina Yao,Feiping Nie,Dingwen Zhang,Min Xu
Guoqiang Liang,Xuguang Lan,Kang Zheng,Song Wang,Nanning Zheng
Kongming Liang,Yuhong Guo,Hong Chang,Xilin Chen
Wei Liang,Yixin Zhu,Song-Chun Zhu
Chen-Hsuan Lin,Chen Kong,Simon Lucey
Jianxin Lin,Tiankuang Zhou,Zhibo Chen
Weiyao Lin,Chongyang Zhang,Ke Lu,Bin Sheng,Jianxin Wu,Bingbing Ni,Xin Liu,Hongkai Xiong
Kun Liu,Wu Liu,Chuang Gan,Mingkui Tan,Huadong Ma
Si Liu,Yao Sun,Guanghui Ren,Yu Chen,Jiashi Feng,Jizhong Han
Wei Liu,Chaofeng Chen,Kwan-Yee K. Wong
Wenhe Liu,Xiaojun Chang,Ling Chen,Yi Yang
Wentao Liu,Jie Chen,Cheng Li,Chen Qian,Xiao Chu,Xiaolin Hu
Yang Liu,Qingchao Chen,Wei Chen,Ian Wassell
Zhijian Liu,Bowen Pan,Yuliang Xiu,Cewu Lu
Zichuan Liu,Yixing Li,Fengbo Ren,Wang Ling Goh,Hao Yu
Xiang Long,Chuang Gan,Gerard de Melo,Xiao Liu,Yandong Li,Fu Li,Shilei Wen
Yang Long,Li Liu,Yuming Shen,Ling Shao
Pan Lu,Hongsheng Li,Wei Zhang,Jianyong Wang,Xiaogang Wang
Xuequan Lu,Honghua Chen,Sai-Kit Yeung,Zhigang Deng,Wenzhi Chen
Yuhang Lu,Jun Zhou,Jing Wang,Jun Chen,Karen Smith,Colin Wilder,Song Wang
Chaojie Mao,Yingming Li,Yaqing Zhang,Zhongfei Zhang,Xi Li
Simon Meister,Junhwa Hur,Stefan Roth
Yusuke Mukuta,Akisato Kimura,David B. Adrian,Zoubin Ghahramani
Nils Murrugarra-Llerena,Adriana Kovashka
Xingang Pan,Jianping Shi,Ping Luo,Xiaogang Wang,Xiaoou Tang
Yunchen Pu,Martin Renqiang Min,Zhe Gan,Lawrence Carin
Hang Qi,Yuanlu Xu,Tao Yuan,Tianfu Wu,Song-Chun Zhu
Tingting Qiao,Jianfeng Dong,Duanqing Xu
Hongyu Ren,Diqi Chen,Yizhou Wang
Michael S. Ryoo,Kiyoon Kim,Hyun Jong Yang
Deepak Babu Sam,R. Venkatesh Babu
Ravi Kiran Sarvadevabhatla,Shiv Surya,Trisha Mittal,R. Venkatesh Babu
Akshay Sethi,Anush Sankaran,Naveen Panwar,Shreya Khare,Senthil Mani
Guanglu Song,Biao Leng,Yu Liu,Congrui Hetang,Shaofan Cai
Lingxiao Song,Man Zhang,Xiang Wu,Ran He
Yi-Hsuan Tsai,Ming-Yu Liu,Deqing Sun,Ming-Hsuan Yang,Jan Kautz
Ashwin K. Vijayakumar,Michael Cogswell,Ramprasaath R. Selvaraju,Qing Sun,Stefan Lee,David Crandall,Dhruv Batra
Bo Wang,Youjiang Xu,Yahong Han,Richang Hong
Dan Wang,Heyan Huang,Chi Lu,Bo-Si Feng,Guihua Wen,Liqiang Nie,Xian-Ling Mao
Jing Wang,Jianlong Fu,Jinhui Tang,Zechao Li,Tao Mei
Pichao Wang,Wanqing Li,Jun Wan,Philip Ogunbona,Xinwang Liu
Yang Wu,Jie Qiu,Jun Takamatsu,Tsukasa Ogasawara
Huaxin Xiao,Yunchao Wei,Yu Liu,Maojun Zhang,Jiashi Feng
Cheng Xu,Biao Leng,Cheng Zhang,Xiaochen Zhou
Jian Xu,Cunzhao Shi,Chengzuo Qi,Chunheng Wang,Baihua Xiao
Sijie Yan,Yuanjun Xiong,Dahua Lin
Baoyao Yang,Andy J. Ma,Pong C. Yuen
Fan Yang,Xin Li,Hong Cheng,Yuxiao Guo,Leiting Chen,Jianping Li
Jufeng Yang,Yan Sun,Jie Liang,Yong-Liang Yang,Ming-Ming Cheng
Ke Yang,Peng Qiao,Dongsheng Li,Shaohe Lv,Yong Dou
Xitong Yang,Zheng Xu,Jiebo Luo
Zhenheng Yang,Peng Wang,Wei Xu,Liang Zhao,Ramakant Nevatia
Mang Ye,Xiangyuan Lan,Jiawei Li,Pong C. Yuen
Hongkai Yu,Kang Zheng,Jianwu Fang,Hao Guo,Wei Feng,Song Wang
Lidong Yu,Yucheng Wang,Yuwei Wu,Yunde Jia
Youngjae Yu,Sangho Lee,Joonil Na,Jaeyun Kang,Gunhee Kim
Xiaohang Zhan,Ziwei Liu,Ping Luo,Xiaoou Tang,Chen Change Loy
Hua Zhang,Xiaochun Cao,Rui Wang
Junjie Zhang,Qi Wu,Jian Zhang,Chunhua Shen,Jianfeng Lu
Mingjin Zhang,Nannan Wang,Yunsong Li,Ruxin Wang,Xinbo Gao
Xingcheng Zhang,Lei Yang,Junjie Yan,Dahua Lin
Jiaxing Zhao,Bo Ren,Qibin Hou,Ming-Ming Cheng,Paul Rosin
Kaiyang Zhou,Yu Qiao,Tao Xiang
Luowei Zhou,Chenliang Xu,Jason J. Corso
Qin Zhou,Heng Fan,Shibao Zheng,Hang Su,Xinzhe Li,Shuang Wu,Haibin Ling
Bingke Zhu,Yingying Chen,Ming Tang,Jinqiao Wang
Jing Zhu,Jin Xie,Yi Fang
Yaohui Zhu,Shuqiang Jiang
Bohan Zhuang,Qi Wu,Chunhua Shen,Ian Reid,Anton van den Hengel
Wei Zhuo,Mathieu Salzmann,Xuming He,Miaomiao Liu
Haosheng Zou,Hang Su,Shihong Song,Jun Zhu
Jocelyn Barker,Amita Gajewar,Konstantin Golyaev,Gagan Bansal,Matt Conners
